a,grain_asp
11.913255,2.3413885
8.925491,2.5038357
11.823703,1.6689081
26.682789,1.883647
8.858937,1.4248006
4.72564,2.1143992
24.138723,1.3514342
6.7111015,1.2680569
30.382366,2.0251262
6.890842,1.8255436
18.51155,1.40957
14.576476,1.1290556
10.498602,1.3215342
28.781271,1.7272398
39.29325,1.2474678
20.88532,2.1293695
24.065351,1.0660257
13.926277,1.2522355
13.217348,1.4409916
4.8606577,1.7363544
7.4153595,1.3119957
13.544009,1.7525184
15.954122,1.9271841
17.60811,1.3014402
37.61561,1.5002682
18.515606,1.9782379
22.966887,1.6946933
13.207615,1.6305377
34.7245,1.7333581
15.214905,1.0896695
19.729492,1.677144
5.109908,1.4621711
20.507677,1.1702731
26.840443,2.1046288
29.922869,1.7719982
43.037132,1.5543354
13.75548,1.4268646
10.46525,1.3355381
9.464943,1.5980687
15.203981,1.4095194
13.415564,1.2931359
29.012747,1.9679635
27.653826,2.0656846
22.324476,1.2735684
29.33661,1.0647895
21.816933,1.4953446
41.148422,0.9495006
21.647007,1.3908951
42.61238,1.2888944
19.34725,1.3911936
4.9167023,1.3400939
14.415177,1.5803511
22.66311,1.4587815
16.440937,1.3479455
18.359156,1.4627581
26.91384,1.6521146
29.891878,1.3400266
10.753675,1.4033151
40.30818,1.1634464
8.344236,4.484367
14.202681,2.6780465
39.437492,1.318008
19.278429,1.5121965
10.755972,1.3871105
22.160269,1.0069642
6.6319423,1.4503407
10.649435,1.490263
14.115332,1.3806856
13.381695,1.0841144
9.571284,1.511617
25.283192,2.2998326
11.014602,1.6322808
12.752245,3.0216818
18.621191,1.6746454
15.410052,1.1862407
23.75548,1.4996865
27.647669,2.1615117
64.445885,2.8866708
35.446377,1.1960282
11.666317,1.4384594
20.512146,1.5637331
6.490174,3.297672
11.910138,1.4309418
4.92587,1.7045503
20.115377,1.4475641
22.905756,1.7373769
21.50324,1.4919
36.5592,2.1207435
16.76877,1.5390146
11.531616,1.2986209
18.90257,1.4207199
38.345642,1.8910174
13.835407,1.2684433
25.542233,1.179352
25.152887,1.3360488
33.608448,1.6184053
33.35869,1.2919836
34.87206,1.5969048
10.181936,1.3849602
18.111227,1.4128914
24.349747,1.0934753
24.763424,1.1620066
38.957848,1.2087736
14.03034,1.4377546
24.65615,1.2488194
19.560995,2.0850635
15.258758,1.3417599
32.88344,1.4289901
39.952087,1.1108537
25.235949,1.2194679
20.442732,1.9129691
6.599863,1.4758322
14.9824295,1.3473668
25.824724,1.4357371
5.6878767,2.8525412
9.711859,1.6535163
16.618835,1.3226166
13.513377,1.6458318
21.549477,1.8740871
18.395882,2.0078545
12.718558,1.2508435
15.1194725,1.0995417
12.746094,1.6377151
6.9044456,1.683697
14.487576,1.3601625
16.840832,1.2755699
12.93387,1.3870049
15.618029,1.4537749
9.583803,1.821543
16.461,1.4309893
19.98945,1.6297286
9.560643,1.5301914
5.622877,1.3845842
9.887541,1.6540413
24.655127,1.2125652
6.557438,1.4483588
5.3592997,1.6728554
18.56718,1.1745677
44.05612,2.1191394
4.5723515,1.4463274
19.098818,1.8703749
26.535711,1.5994434
12.667865,1.443793
60.44094,2.1802175
27.028364,2.0383594
10.104288,1.6101558
36.29898,1.4261141
19.50192,1.9476504
12.699146,1.5180795
23.181707,1.5530937
21.36863,1.346673
24.363184,1.0261903
4.637298,1.8669024
9.908516,4.206757
32.87268,1.202333
14.452948,1.4459405
17.170704,1.5269613
26.873371,1.2212906
17.688814,1.5274129
11.029699,1.6848142
10.390667,1.7512062
32.858147,1.5849519
5.9369698,1.5573003
13.312591,1.6139686
42.048992,2.0983303
38.924583,1.8175447
8.9888,1.8032289
24.556746,1.3848135
12.981813,1.4084749
29.026316,1.5607655
9.9653635,1.4163792
10.683517,1.1247985
18.979586,1.9365973
24.414152,1.1469233
27.908716,1.3986099
25.714605,1.5813088
14.111732,2.2331994
15.707479,1.831846
11.37921,2.3522077
16.811523,1.7559605
35.917404,2.1236315
24.620823,1.759243
8.139976,1.7904308
32.00699,2.6244931
20.392109,1.1466854
14.591995,1.3822792
51.99694,2.4110575
7.5038676,1.4457762
38.127464,1.7174582
15.5786705,1.5579326
24.651964,1.9640696
11.780844,1.4394124
12.237425,1.637557
9.080545,1.4184561
7.0005755,1.6780229
15.641089,1.3197708
13.782257,1.4992487
22.80667,1.0938714
25.777618,1.5372951
32.685703,1.7681184
17.005037,1.3155439
5.2442956,1.6274757
26.178356,1.388866
19.336557,1.53827
37.272514,1.2022166
12.362452,1.5267942
29.099901,1.5653849
38.28942,2.931524
22.79853,1.7286727
4.6662445,2.0460963
20.754074,1.2396557
5.6848745,1.205342
10.542895,2.024691
64.21858,3.2471483
25.705267,1.7866945
30.193403,1.7093992
17.586376,1.4436338
5.4597254,1.2747679
19.062746,1.6181912
17.518507,1.3183191
10.598034,1.6124978
23.947828,1.4561627
18.480946,1.5598686
25.925592,1.5080924
49.468597,1.4702001
17.729494,2.1106524
25.704794,1.996644
32.200676,2.0263586
27.788958,1.5476663
7.039907,1.5862405
7.4052258,2.723669
15.760902,1.3520792
15.682247,1.6459069
26.263391,2.7443457
23.621727,2.1046124
10.304884,3.5060775
18.753004,1.3166366
40.690887,1.5828664
66.64684,2.3123791
17.533575,1.7066443
27.607103,1.7102668
13.310828,1.5807991
23.807045,1.6795444
16.453926,1.3519363
4.6741147,1.6822603
25.200443,1.2162724
6.4667807,1.4777656
14.82705,1.1114846
9.571804,1.7477429
33.785965,1.3617358
11.0783825,1.3778207
20.997618,1.6296473
37.45114,1.6694934
23.512873,2.0580275
20.521997,1.2812796
23.887808,1.725997
7.735747,1.4081416
14.62001,1.2959256
17.57772,2.0019817
22.27762,1.4969902
29.898363,2.616308
8.129869,1.6398678
14.060677,1.5402014
11.512918,1.4124913
17.355455,1.6631961
11.640123,1.4219964
6.8005095,1.5212674
26.612349,1.1578367
17.72811,1.126401
6.5362644,1.971129
17.282642,2.1810043
4.4776177,2.2106411
28.319784,1.5378039
18.02783,1.4264283
5.0193443,1.5528338
24.36511,1.6665473
10.8979225,1.4221761
28.906897,1.70169
14.546998,1.2501457
21.716795,1.4293296
7.96437,1.7918
10.470844,1.4982734
19.161781,1.8252211
5.789881,1.5042524
15.513273,1.3241134
21.525293,2.4809232
32.746117,1.1445735
17.247261,1.1578834
16.688911,1.8901961
26.88569,1.6342008
9.242873,1.3594396
24.032358,1.9060714
27.991465,1.6512203
24.35832,1.2964311
14.687382,1.5176857
21.478083,1.7008865
36.420864,1.2985754
9.087984,1.4041328
22.351772,1.6370256
28.340635,2.2334092
13.306154,1.6963551
13.723364,1.3062072
61.76129,2.913273
24.628332,1.3926902
20.798609,1.3357899
18.12016,2.5874918
6.3163576,1.4531469
32.29473,1.8369279
29.48507,1.6472139
17.014591,1.6861076
13.270319,1.2672696
10.612873,1.4244089
19.236988,1.4898236
22.959621,1.3288817
4.8203554,1.6466973
16.9756,2.6375277
36.89041,1.1499856
11.8829,3.7421396
14.278256,1.5106084
15.546167,1.4284351
20.560701,1.3803139
23.118425,2.4837568
11.141476,1.5402842
17.91636,1.8785477
18.097013,1.4398372
43.783188,1.9559286
7.528199,1.4917996
20.96005,2.1953607
17.1134,1.3965282
15.513908,1.4238324
25.077444,1.505779
17.178017,1.6218796
16.805033,1.7078009
19.926287,1.5336583
9.035189,1.8369334
22.942596,1.1258154
19.928701,1.6377411
33.55792,2.0060246
15.06443,1.5050054
34.549614,1.6170921
22.447989,1.0008855
7.234562,1.6747057
29.306723,1.7771256
12.055664,1.1983962
25.102243,1.9676478
25.231829,1.2603447
10.744635,1.4117074
8.802984,1.8830683
12.222563,1.2962685
27.78525,1.0061538
18.724737,1.657248
6.2042294,1.4228609
34.030293,1.6571357
15.4450035,1.4763606
4.4486046,1.885792
27.80433,1.457823
38.24806,1.7930062
17.031712,1.6713026
13.392237,1.512929
4.3702803,1.8248711
29.897833,1.6354761
35.440536,1.3301771
22.851183,1.9991078
15.216598,1.5387111
16.455673,1.545085
19.131044,1.3200183
10.176382,1.2084312
15.573511,1.744859
4.3758755,1.7782774
6.733389,1.4035175
7.148039,1.450706
28.683435,1.9736924
29.355564,1.3374367
38.256073,2.4286606
34.09262,1.8462303
30.479467,1.3357284
20.28517,1.5636885
14.048765,1.3777993
19.710348,1.6631556
44.77055,1.6040766
24.450941,1.7197814
11.192673,2.5167315
41.54995,2.1744828
27.962923,1.3018813
10.925652,1.2444249
14.470404,1.2455381
23.003878,1.7026742
30.062887,2.575911
43.253498,1.5270112
30.586012,1.2916257
73.888145,2.1238658
7.7366176,2.2152066
16.663424,1.3561668
8.902306,1.6114731
23.017927,1.3902664
28.832294,1.4590702
29.957224,1.7889094
8.851597,1.4231334
25.15468,1.0428529
16.24407,1.9046531
12.837591,1.3687966
11.33451,1.3349707
8.385117,4.547653
11.796585,1.4220517
6.5716324,1.5323822
6.381645,1.6913948
18.953558,1.3056889
36.008728,1.4610894
32.90618,2.0458179
25.06582,1.269583
12.612129,1.2289789
21.276934,1.4434407
24.299294,2.217579
10.180445,1.5416424
33.47359,1.8736331
6.758033,1.5861168
19.16088,1.1064553
32.893555,1.3638997
18.203646,2.74738
24.067072,1.3096526
11.871094,1.3364041
41.25406,1.3500597
15.897275,1.274643
7.3369517,1.4988449
12.162606,1.1743577
31.262495,1.0926671
12.873089,1.2947361
10.976036,1.538331
13.183491,1.1906545
21.534742,1.6453764
17.636229,2.0693934
41.70626,2.3588698
4.8107305,2.0944607
6.5276976,1.2807009
8.422348,0.97871184
22.693779,1.1987011
21.132803,1.2659345
33.06263,2.1267881
21.11758,1.435015
32.112213,2.1044185
14.681835,2.223286
19.208626,1.4693425
6.0170374,1.4200182
16.719608,1.3941457
25.673712,1.3529842
16.006596,1.3731234
29.450365,1.3087654
31.12721,2.3966017
21.039736,1.5799892
10.46023,1.5170364
29.345238,1.3855493
15.164569,1.8839695
22.912287,1.2567856
24.002522,1.2678196
20.17085,2.0937965
9.057163,1.1449921
8.783062,1.2867494
26.033548,1.653362
15.29199,1.4569287
15.956053,1.2195293
13.466491,1.5742421
15.329292,1.1370051
30.782225,1.4656713
4.920576,1.5738173
19.258024,1.342442
15.0989,1.0223563
23.965584,1.6150832
9.861028,1.3536284
31.559914,1.5779445
27.187605,1.3302982
47.120544,1.7906725
18.342241,1.2612879
15.047264,1.4752028
35.911095,2.4852068
22.861923,1.314738
29.666273,1.0986936
10.737481,1.121443
20.924635,1.292882
37.559883,1.3403587
31.242397,1.3589437
47.689087,3.104982
4.510001,1.904784
30.247768,1.3449636
16.462519,1.481636
37.40621,1.5242531
14.576452,2.2762299
21.079248,1.095042
53.41622,2.0338566
17.344082,1.4375298
38.700226,1.9951174
5.0816536,1.7027075
32.975414,1.167737
36.060562,1.9551444
14.418884,2.3289094
18.763752,1.5084772
21.60472,1.5723932
24.848288,1.6102657
10.30291,1.3006232
35.828857,2.0110812
26.863596,1.7403543
19.36025,1.2496817
13.0409565,1.1996081
16.267572,2.1807516
9.8322115,1.476244
23.033155,2.327357
7.350505,1.4933596
34.64709,1.6834569
8.207253,1.5931988
10.656668,1.5198932
32.73511,2.3689263
9.824642,1.4432976
4.846304,1.4857891
16.225222,1.3132517
20.91773,1.5039399
10.957741,2.0388715
19.109426,1.9622772
9.921436,1.4004157
12.866737,1.4617598
13.042259,1.1931672
29.398808,1.988658
4.9378185,1.6299739
19.560617,1.704915
4.914858,1.5944216
10.13163,1.559237
13.584415,3.194535
9.566998,1.3337138
11.802894,1.5949311
10.215639,1.6463346
18.180502,1.512773
49.44007,1.8476782
27.416306,1.3137004
12.68025,1.6712475
28.597279,1.6509027
12.139726,1.4596989
21.550055,1.3783932
10.025875,2.0886538
28.317339,1.7631614
28.548996,1.7413018
7.5445585,1.4522934
7.54809,1.4051466
12.854002,1.4368324
24.418242,2.3831081
33.05879,1.107063
30.240389,1.5984759
8.605776,1.5545084
18.52493,1.4312413
30.41266,1.4291112
23.61677,1.2201107
23.698488,1.2493484
6.639806,1.3378723
31.800844,1.4356251
25.21182,1.382355
31.78769,1.3733981
11.816349,1.4610047
6.262698,1.4737759
8.624751,1.6753931
14.680672,1.1769061
29.728182,1.7393584
16.043142,1.1959478
30.848333,1.0038965
46.662758,1.8205767
22.30739,1.2616856
8.624468,1.778441
46.251717,1.6024318
24.895514,1.6114633
25.282167,1.7207088
17.981194,1.7130878
12.966467,1.8299603
20.627665,1.6232808
10.4568205,1.2819562
30.862486,1.4334402
27.113245,1.1953034
22.4956,1.6437166
27.019503,2.702698
7.81217,1.8256881
33.13162,1.3150661
14.086454,2.087237
28.861769,1.4812143
12.604006,1.4944875
7.098958,1.3740668
23.247358,1.778688
14.68987,1.9714134
20.910822,1.4155576
37.0272,2.6543586
19.830244,1.4035928
38.96295,2.3041158
12.487558,1.4234521
19.984604,1.144707
18.987429,1.2755728
4.650688,1.6255949
17.509077,1.1152999
17.919426,1.7066469
39.5906,1.3763876
24.851126,1.6697855
56.22425,2.3268385
21.30947,1.7570655
37.438896,1.2052569
15.030968,1.6905715
22.22362,2.3310454
14.23519,1.4735689
14.813428,1.7265856
14.913964,1.4689124
29.776691,1.564914
16.781664,1.5804381
6.6857476,1.5096602
44.345245,2.018511
14.30785,3.753254
25.705378,1.4835687
49.605995,2.1624355
18.045645,1.9664834
17.709417,1.8363516
46.185204,1.4561353
17.356073,1.6403756
9.110571,1.3912954
25.586397,1.2413251
27.40068,1.2726374
30.51515,1.3527036
9.409974,1.34055
20.063715,1.2368455
12.389065,1.3280113
17.86966,1.7458963
14.831388,1.5641854
34.238686,1.5867677
10.308846,1.6047323
12.230587,1.5272446
12.621754,2.5306942
22.628834,1.6972682
32.53981,2.0395546
8.255444,5.5878634
14.109882,2.0787232
27.192762,1.3899221
17.93647,1.3148472
13.144024,1.2981036
10.539261,1.2293355
5.676531,1.6037519
32.14773,1.210628
26.014093,1.3499234
19.337954,1.4939132
39.731792,2.0788162
15.124483,1.7363272
24.904772,1.2942133
18.318298,1.435677
32.747795,1.4945447
20.503605,1.7819405
11.812893,1.4171133
28.215475,1.5148747
28.199629,1.2281554
5.0124426,1.924125
27.910732,1.4126837
29.825424,1.1772492
14.280161,1.5771317
37.015923,1.5778792
4.62496,2.0854871
41.267456,1.7170537
28.779139,1.4037759
22.92626,1.7579341
19.356665,1.3523455
16.367111,1.3562152
21.767172,1.0663364
11.543562,1.2702231
28.125185,1.4579461
51.071915,1.6544001
16.403225,1.1158826
10.20075,1.4060447
26.428198,1.6170366
23.74667,2.1709666
20.667715,1.6153421
25.768282,1.0439765
35.20302,1.3059044
15.978601,1.6243863
9.78513,2.7499535
17.293003,1.6476445
9.591184,1.7233722
19.71734,1.6321797
15.377295,1.512728
9.366874,1.5606062
19.428354,2.3230298
28.024233,2.1295536
22.481443,2.3784792
18.566074,1.4402237
42.248596,1.5246181
15.577801,1.2936015
6.4799614,1.1951578
16.862486,1.4260764
5.9261336,1.3070974
38.37876,1.7174678
6.7115355,1.3720934
29.084301,1.4945018
15.914692,1.2591047
19.160372,1.2357728
16.17127,1.4375639
10.49607,1.6313217
4.315876,1.7553554
19.903002,2.5246196
14.425613,1.5749376
25.810072,1.7702868
42.186382,2.4339488
20.469822,2.1252759
17.85278,1.3509054
8.058084,1.2064695
40.042213,2.627876
19.89597,2.2875247
18.782297,0.95769566
4.280997,1.8544478
19.01787,1.6647506
25.040571,1.5521383
29.414125,1.5076709
12.220796,1.3383641
36.820328,1.8487024
7.5709853,3.7442176
7.540641,1.2510962
7.336734,1.7993271
8.451417,2.574471
10.345222,1.3762217
9.985263,1.2707782
29.199076,1.3410532
14.005234,1.2370732
41.35024,1.2544143
43.810436,2.2909186
4.57152,2.0784717
10.620017,2.6473715
15.538245,1.1998224
16.803272,1.2994621
22.787607,1.7420683
35.85636,2.262479
19.708902,1.3709097
20.340242,1.3387716
4.9003687,1.3802857
4.375378,1.8081088
5.294876,1.3066757
28.92708,1.3423367
21.501822,1.5162628
22.086401,1.8546169
28.980223,2.012695
27.855083,1.6651587
46.579575,1.8434563
12.526483,1.312957
11.015558,1.4209049
4.127055,1.8569202
38.517868,1.0428295
12.797178,1.5425408
12.717626,2.6712034
25.066679,1.7258832
49.050446,1.5019825
14.925306,1.3230312
19.249533,1.1072779
19.681831,1.7670152
41.992447,0.97520643
18.755468,2.1997156
11.141674,1.616291
20.721899,1.3918293
18.12155,1.9315543
27.068335,1.3556125
11.36855,1.3134029
23.72061,1.5487123
10.086597,1.4428983
27.451445,1.7120209
34.084103,1.5651405
12.807358,1.4509571
4.693215,1.5973377
19.107786,1.3164399
33.38521,1.7067878
26.729483,1.0792658
24.489874,1.6927242
12.679277,1.3486104
37.101433,0.98162895
46.58126,1.6442537
7.75091,1.6951215
15.584814,1.2351296
13.70168,2.01247
11.761212,1.2732451
17.987787,1.5791652
34.885452,1.5779078
5.605208,1.4708033
9.861876,1.6511462
34.77413,1.6602409
17.363672,1.1992167
24.105822,2.075308
26.049543,1.681143
40.603065,2.4492092
18.034727,1.4381583
26.494837,2.145717
79.82518,3.1177924
18.825216,2.1226273
33.661102,1.7632241
35.345608,2.097245
22.176043,1.3861337
21.816051,1.497474
55.077156,2.140062
20.49489,4.111896
16.985922,1.2424588
15.8312435,1.5384114
24.706503,1.4230251
26.291649,0.98569065
8.307035,3.1730177
19.321733,1.2924411
20.119415,2.8802295
27.304543,2.740361
11.160494,1.3465271
6.185389,1.5059209
42.895645,2.032937
43.75901,1.5885623
13.982732,1.6251323
16.189392,1.974489
18.41369,1.7038574
17.524588,1.3926251
24.545076,1.2210782
6.394168,1.4214895
43.504097,0.99965054
15.37956,1.7677116
14.460485,1.8321092
9.866569,1.7036123
22.699663,1.3696954
35.401516,2.1722422
11.845724,1.463131
9.146597,1.2954857
9.612737,1.591039
4.816824,1.4945979
34.660652,1.1616192
6.8585176,3.7633088
33.92177,1.141499
12.67484,1.2855396
74.577255,2.1700094
18.367634,1.3353035
27.01171,1.5529613
25.613628,1.1120903
23.96024,1.6357577
25.939798,1.8594797
39.065727,1.7019157
18.697296,1.7832234
15.518815,1.7508512
27.417025,1.5295365
21.956778,1.5315752
14.849815,1.4609807
9.060348,1.945813
16.858316,1.8381681
19.497232,1.5824411
14.386906,1.4560926
5.6531315,1.3139808
17.031916,1.2349888
15.932659,1.6724944
17.058022,1.2186828
11.84033,1.1518996
28.851126,1.2317138
29.909037,1.4732306
31.088182,2.0315816
18.820408,1.6736383
8.672915,1.7047331
8.475617,1.6430247
15.369813,1.408263
37.82348,1.4953728
19.213083,1.3099253
19.720575,1.2719796
4.473071,1.8289375
11.014992,1.0900797
19.127878,1.2819097
11.643276,1.7074683
28.30195,1.6236401
20.145796,1.7177773
44.25259,1.260813
11.1580105,1.7364271
5.033085,2.6265113
18.436203,1.5027096
10.514139,1.2677617
21.005291,1.6468632
19.181963,1.0999191
20.247145,1.4642234
18.938757,1.3121173
38.223663,2.1582427
29.460379,1.192549
23.000246,1.1567073
24.013525,1.4842968
17.904066,1.3548193
10.196072,1.2285726
21.12744,1.9030862
17.58554,1.7033398
12.799612,1.3111241
14.404913,1.8153069
15.101763,1.3782392
22.66432,1.8797143
11.714861,1.6142566
26.447645,2.0163367
32.256718,1.7971151
37.068344,1.9745648
8.935623,1.3501399
5.055685,1.6292431
13.41869,1.3787267
21.739714,1.214683
52.258865,2.1141212
13.60375,1.3234422
30.008615,1.2519646
17.228868,1.2439771
15.6614685,2.057463
10.9945545,1.3568013
24.170061,1.8650637
4.681755,2.141286
23.13375,2.0204053
17.362553,2.0436084
40.34803,2.2863986
19.546347,1.5119958
25.661047,2.3523867
30.48505,1.6032319
52.04377,2.2698698
12.808937,1.5446098
20.111761,1.4873872
14.599624,2.3218062
14.254011,3.0376232
9.871412,1.5764184
11.233131,1.2953107
14.423361,1.4877806
36.792896,1.5911393
36.198853,1.9658349
22.57099,1.3778687
7.018326,1.5706687
38.06424,1.2455575
9.973402,3.3902528
38.223564,2.1469777
26.31228,1.1129594
18.697378,1.3785412
18.23436,1.708895
16.69336,1.1281471
22.498877,1.5294373
24.31568,1.7026861
23.985573,1.740977
29.033285,1.6689122
14.003988,1.3811893
24.162096,1.8657696
8.972118,2.115325
47.1706,1.3552506
18.985943,1.5530064
24.023607,1.8652673
13.9813,1.93714
13.3248005,1.3394656
7.9995646,1.5354891
39.627743,2.8502862
19.705444,1.3750663
12.950747,1.5969763
20.089125,1.5005009
24.060085,1.4833639
39.367516,1.3144166
19.918875,1.2807369
16.59881,1.2709849
20.752882,1.2942572
17.141642,1.3708224
33.722916,1.089664
20.55514,1.4031568
8.09867,1.3408074
30.332676,2.0696077
45.16732,1.4280765
35.3858,1.249238
21.220732,1.1730573
33.93914,1.7325871
25.643906,2.0054224
5.8666286,1.4646151
12.039949,1.5022626
27.087526,1.2906761
18.867788,1.9501894
13.497431,1.8582349
15.037108,1.3593235
23.879166,1.5119388
22.019148,1.344934
10.742825,1.4004762
15.618027,1.7820072
16.819553,1.7156885
19.580427,1.7954512
19.50139,1.9115338
19.216055,1.2822766
7.3251963,2.7922804
13.105331,1.5203323
14.488341,1.4192295
25.601538,1.2011795
27.935907,1.574532
22.84296,1.4525118
38.419952,1.9602039
6.5217752,1.5641735
17.14932,1.5332541
36.605137,1.1579719
12.998544,1.4058805
28.46498,1.219625
45.380203,1.2574174
35.76146,1.2427766
14.997777,1.1655657
23.052237,1.1177702
22.487478,1.673666
14.542381,4.4836044
19.340937,1.6287253
17.00363,2.3596764
10.290986,1.7712185
39.563835,1.2374887
32.90713,1.6635725
18.212923,1.5023954
6.5173736,1.3231919
4.556251,1.6824281
52.04963,1.4030464
36.50673,2.516463
12.72138,1.4398639
6.838814,1.1801939
20.909876,1.3265681
61.039722,1.9858663
20.37903,1.5372674
17.065718,2.1364703
5.40872,1.4942799
36.774246,2.5459242
15.381033,1.5208399
28.1509,1.4228911
18.273064,1.7943022
6.024081,1.4576969
16.19815,1.7201142
5.3974905,1.3202815
19.576464,1.3772962
35.16723,1.3873405
10.840023,2.4672897
48.891235,2.031386
7.1397877,1.3650331
33.524162,2.7462025
14.274937,1.1653786
6.4683447,2.0183878
12.165516,1.6348054
20.859138,1.3341258
5.078977,1.407232
6.8641605,1.2932904
7.4410257,1.2994835
21.754091,1.3279376
31.144045,1.7350082
20.861517,1.2596552
14.254145,1.5563691
24.583757,1.5776148
16.502644,1.4913566
17.882658,1.6459694
25.54786,1.1547823
18.01269,1.4052727
15.9033165,1.4869945
27.628984,1.7775836
44.1691,3.9267051
4.0864477,1.7443571
17.384308,1.605633
19.96707,1.4206007
33.667004,2.2100992
19.38961,1.1561322
8.073842,1.5281842
26.21812,1.737407
4.9475203,1.5520148
18.31124,1.1665885
42.70835,1.0314903
37.497955,1.5434494
29.554266,1.3108025
4.899267,1.4755349
23.948092,1.2001054
49.00492,1.6908355
33.889694,0.9372485
15.852741,1.3612101
23.9352,1.4504178
16.428633,1.2818425
9.167517,1.725431
9.46352,1.3697584
26.558807,2.3445458
55.73774,1.273772
26.45794,1.4109514
4.672225,1.9702823
26.379816,1.2838113
18.00346,1.3905251
8.066975,1.5522163
36.959064,1.6448054
27.698477,1.2476125
4.611578,1.741389
32.503044,1.9297483
28.141209,2.0536952
24.901022,1.5808322
7.5518804,1.5017962
37.30448,1.688793
26.083727,1.6590459
4.414749,1.7043233
13.646023,1.5948062
13.181505,1.3482435
43.581154,2.3023586
21.45629,1.238096
32.574093,2.5821083
23.057024,2.5201366
11.582703,1.461412
58.11138,1.9831631
28.00976,1.6022334
14.3809395,1.4001937
38.324657,1.4954317
18.693872,1.2877793
5.2120104,1.5770316
19.58925,1.8423731
20.741106,1.4368503
32.14593,2.3972912
13.972338,1.2464638
28.806736,1.62127
11.817816,1.3621311
18.580105,1.3746667
14.462984,1.4810915
16.975832,1.6795309
19.233627,2.3661609
24.231829,1.9192688
31.197548,1.8509092
28.412397,2.049389
10.720586,1.4531562
22.681581,1.9110174
18.800146,1.6490176
10.089738,3.5745754
15.9784775,1.532162
27.213594,1.3994539
26.384462,2.369266
33.526134,1.9368877
5.023155,1.4834597
21.749434,1.3584347
8.798899,2.0598981
24.82677,1.4195838
26.998133,1.9148965
11.391859,2.7296479
50.129967,2.37002
21.21169,2.0258718
22.755205,1.0098815
40.911037,1.9112649
9.832567,2.311859
11.346063,1.4296937
13.801335,1.3948908
23.240534,1.2880673
16.558336,1.4910145
28.51261,1.3600669
30.786703,1.53882
14.622147,1.6848278
31.50328,2.3626504
16.17245,1.7796087
14.01512,1.1023018
21.258833,2.1076634
8.013156,1.4570436
11.40961,1.4468164
28.549135,1.9709661
36.828373,1.9999559
23.24581,1.788166
40.87509,1.4999859
15.414076,1.4388361
8.161991,1.111603
5.5306277,1.8526051
51.780815,1.3560879
27.607115,2.0613992
13.135601,2.0444987
16.592028,1.3026729
10.845852,1.9818037
6.4468174,1.2145526
29.370333,1.1683853
27.153734,1.0785041
6.862587,1.1971684
8.468186,1.5006561
5.633711,1.2812114
4.787886,1.6098552
40.707504,2.321459
39.21823,1.6450055
7.340209,1.3556643
8.947978,1.5360034
29.349745,1.6150348
22.416979,1.6132226
20.729258,1.9627099
37.703995,2.5571527
23.052296,1.8454709
24.363558,1.3855262
4.8030725,2.0103514
25.668676,2.3157427
11.205708,1.4997029
6.271144,1.2896996
13.74567,1.4330816
26.000364,1.3601143
21.087006,1.2309072
20.500467,1.6367848
9.679138,1.3282912
14.359287,1.2190981
12.632385,1.4970801
11.384532,1.9981215
17.325647,1.3240545
15.571878,1.5752747
5.796335,1.4252417
37.999504,2.3999376
29.897608,2.322253
50.00695,1.3353121
14.634237,1.9408975
9.252311,1.6871226
4.8271484,1.6795318
26.374598,1.6028795
14.168697,1.3997552
11.984953,1.974016
15.271716,1.276891
20.79959,1.2976093
44.67918,1.8544707
20.052423,1.3655345
19.381027,2.1072876
26.12281,1.5735159
18.42853,2.9769642
24.856226,1.799437
13.006493,1.5696781
23.440828,1.3321941
26.239172,2.1552484
18.183228,1.2239633
15.97922,1.4099374
17.083303,1.9852433
54.671448,1.4526408
10.002201,1.1441238
4.543253,1.9348664
10.999453,1.4722657
27.778027,1.4859898
15.976175,1.565237
21.34717,1.223988
16.576483,1.4484637
22.192883,1.4685488
51.01783,1.3698938
16.074387,1.1753922
11.987431,1.4146197
28.963522,1.1453631
47.037018,1.4616475
6.441787,1.3872707
54.30339,2.6516328
17.245504,2.02905
24.779783,1.2999346
32.27253,1.3929586
7.7451696,2.486893
20.83733,1.4920986
9.086978,1.5456095
22.743809,1.1042757
49.57857,1.8794503
6.2567425,1.4651175
4.3377075,1.743743
39.38278,1.3249705
25.764187,1.2956071
24.431343,1.6920013
20.725853,1.6206839
19.184282,1.1834316
7.5651245,1.3218126
40.39649,1.5087271
4.6370916,2.072072
30.688265,2.176652
18.195803,1.6598151
22.887064,2.0728369
24.529356,1.09514
17.800138,1.3152544
4.4715176,1.6921144
4.35729,1.5857365
30.420923,1.1310833
39.355236,1.8084762
35.219048,1.5809026
30.833012,1.432152
30.929148,1.5066729
21.173725,1.2218883
25.014666,2.0995393
15.19771,1.5227611
8.340108,1.4891241
4.0009646,1.7401135
6.889002,1.5523522
28.39311,1.3069098
7.579145,1.4730079
29.420414,1.3924599
35.14133,1.5308564
21.776627,1.3643394
10.606151,1.612124
40.965126,3.0908582
36.96644,1.141412
25.538347,1.4483271
5.923379,1.466047
29.48577,1.641603
6.883704,1.3082368
30.35573,1.5380609
14.790979,1.7649283
17.758158,1.3747661
7.124623,1.6392362
13.623212,2.8596582
22.676237,1.039401
13.482641,1.2910707
21.400942,2.2636964
27.726603,2.305535
4.7720304,1.6071031
11.717611,1.3555813
16.25698,1.5079181
24.304712,1.391273
13.736221,1.2484376
20.810759,1.5506651
35.426857,1.8498483
41.529877,2.175389
22.853266,1.3079305
35.875477,1.5034368
14.069632,1.341691
20.56914,1.4547164
7.584523,1.5976717
12.797424,3.2484593
20.138445,1.5933895
36.650177,1.8599422
11.679424,1.3254006
30.327284,1.3762658
61.301086,2.0835073
12.000002,1.2150754
45.79064,1.5554016
20.28642,1.1205308
26.249409,1.3552904
11.572931,3.3154185
17.977057,1.1556029
22.844912,1.2807119
20.711199,1.1492991
15.359731,1.6742225
24.335764,1.4148369
12.907131,1.6363468
21.32989,1.5891645
26.943808,1.3745306
17.255236,1.3482797
24.127028,1.0061903
70.21402,2.3035986
36.039383,1.301533
42.2665,1.1313667
22.986399,1.0950754
11.998304,1.3036923
18.299686,2.124221
14.048281,1.7917328
13.044909,1.4244332
27.093134,1.5811853
6.872078,1.7381263
27.310373,1.5511465
5.9942446,1.5249922
19.532991,3.0022986
19.335854,0.99012476
19.106997,1.4358613
25.980408,2.0072222
5.1322727,1.8016474
41.073944,1.3347044
4.4881287,1.4726508
14.365486,3.3685048
31.419691,1.7712345
7.883688,1.257421
22.170488,1.6642094
6.3821993,1.5962477
16.06663,1.3020291
21.964493,2.27302
26.81725,1.4277647
28.57532,1.5831583
14.778255,1.4514022
37.475002,1.5132086
12.146342,2.228328
11.773066,1.4065711
18.903605,1.4520605
29.177217,1.6194987
20.867834,0.9919693
14.083275,1.1269724
22.583921,1.439342
16.280172,1.505173
18.79115,1.6598268
14.835682,1.7243183
25.61466,1.1994221
12.521614,1.4064021
14.0793705,1.6785696
40.78295,1.5457067
7.7770185,1.489526
9.663468,2.3643541
7.1217375,1.0896183
52.5149,1.7084682
11.3297825,1.3925037
5.03455,1.6962779
14.016962,1.2141587
26.491575,1.2579856
21.986176,1.3372889
10.0264845,1.2727938
15.595869,1.2238964
11.343616,1.2909195
18.884514,1.2431662
5.5853996,1.4686449
21.635664,1.3303697
20.207888,1.8049166
16.165512,1.3354101
33.724724,2.032976
31.78671,1.4150565
36.055977,1.4077101
30.0958,1.447361
18.917522,1.4735122
24.381704,1.53075
42.52355,1.9864752
4.419998,1.7032418
8.439002,2.0060341
10.878616,2.4890096
16.356773,1.0611963
23.220232,1.4810674
32.37052,1.075213
11.040206,1.2627208
10.127558,3.2245991
37.155632,1.8370986
23.553284,1.8048401
58.806053,2.7591624
31.021551,1.2263391
39.474743,1.6034286
36.357246,1.8923483
16.874477,1.6198318
4.601671,2.163151
8.54506,1.7733517
29.692019,2.457565
6.334929,1.4138088
27.308306,1.8906085
22.06813,1.9274502
11.147066,1.5188181
18.058252,1.403625
16.357447,1.4726
17.311127,1.4662559
39.697105,2.143058
9.938341,1.560519
17.730272,1.27789
11.659128,1.1884222
26.597513,1.3908913
23.137571,1.2090878
24.727686,1.1657803
30.1049,1.6553526
16.298695,1.3113537
21.06188,1.8011551
21.741194,1.2815063
21.8235,1.5967
15.711578,1.3680646
38.634712,1.4579992
16.708616,1.386172
17.355665,1.3324492
14.234827,1.5240953
14.583323,1.2618728
27.755442,1.3248835
8.300913,1.3680334
23.863295,1.7301764
27.433767,1.086391
19.672592,1.1505084
5.8783565,1.0877208
18.196264,1.9197924
20.774939,1.4247332
21.275492,1.2101665
9.009474,1.3830452
16.020441,1.3452611
6.682891,1.4314253
26.524424,1.3431253
11.291855,1.3458395
26.389194,1.2668436
24.755033,1.6835563
7.2145443,1.1897788
7.4948606,1.3036098
11.891706,1.3011146
13.880279,1.6030262
31.31501,1.5762076
8.072118,1.9003651
14.904938,1.135416
6.42445,1.5280206
18.247873,1.7191918
19.03635,2.094185
25.297388,1.3207586
24.53731,1.2153032
7.268531,1.5191164
21.753874,1.4726799
27.156378,1.6468205
27.784967,0.9262424
38.814396,1.6696773
7.1130486,1.5290294
15.818178,1.5413954
15.855972,1.0388724
4.4347134,2.0038586
11.316299,1.4951873
22.004549,0.99973494
39.38098,1.9859014
29.092089,1.3685417
4.269636,1.8051937
18.158136,1.4621801
4.8372984,1.4789455
20.392855,1.0567217
4.688484,1.706615
35.173855,2.0043926
34.07147,1.0278268
8.233625,1.5851233
16.104324,1.6064272
13.494953,2.4094832
5.8523464,1.1864336
26.811365,1.3360369
31.138601,1.2545111
8.838532,1.18471
35.639503,2.1822042
21.784575,1.8517301
22.687681,1.6083086
20.48876,1.4026589
19.486609,1.7302339
33.63733,1.2666206
20.210466,1.3974891
33.996,1.4424121
14.37151,4.235294
19.702549,1.4089348
37.07956,1.0702674
13.049364,1.4125292
14.429958,1.6680229
26.88551,1.1820798
8.966448,1.9137251
18.618002,1.1937218
21.29312,1.6891899
71.03867,2.2658417
35.72426,0.99391824
26.001839,1.9162583
30.693884,2.2274663
16.693468,2.0805008
49.74862,1.67275
21.137487,1.4662566
16.54267,1.531935
5.824085,1.6234043
30.506002,2.017928
11.318525,1.5252335
11.040073,1.780781
12.3505,1.509774
49.014854,1.9950621
25.63954,1.0271149
26.947992,2.4391024
10.131996,2.3303623
6.2490206,1.3128891
22.934448,1.1517947
44.578773,1.7529914
11.618294,1.3662584
27.934362,1.9552727
22.951937,1.1500814
22.344635,1.475766
35.361084,1.5997598
20.388266,1.7559578
5.177268,1.5695391
7.5740995,1.4556463
27.729763,1.3404028
29.011562,1.3021913
4.7238855,1.5152681
4.4626093,1.6503787
7.4849963,1.3497989
16.61841,1.2986646
20.454725,2.1898746
19.148607,1.4220555
21.582933,1.4007616
15.940435,2.0061827
7.071038,1.6895478
5.959032,1.19718
13.743477,1.2879755
27.015354,1.1810358
5.2702265,1.6291134
24.37883,1.1339018
15.869902,1.4617083
26.1376,1.1755204
23.513493,1.7193062
10.173224,1.4623876
20.468615,1.7469225
10.002977,1.5611882
51.644707,1.7027919
34.108635,1.216296
19.574347,1.3420119
17.63502,1.3628428
31.136457,1.4662678
10.46916,1.5813575
26.633795,1.4958091
11.770136,1.4527507
19.726564,1.5006943
25.018286,2.3057363
33.84509,2.2278275
45.1045,1.5529456
5.3786025,2.7800298
24.677532,1.0927548
12.914619,1.6869657
17.092964,2.1199331
28.535532,1.2503524
38.662804,1.897404
19.0497,1.8714604
10.368015,2.4841769
16.917248,1.4297421
11.758425,1.584543
26.18896,2.9047477
45.085754,2.4931123
21.332506,1.352196
12.833609,1.3928566
24.20821,1.310235
16.678377,1.6022351
22.163462,1.8008518
16.300398,2.254461
7.521047,1.6699564
14.788413,1.5017669
12.508679,1.2188745
8.946137,1.1935601
16.347525,1.2869415
30.108223,1.527256
16.658768,1.5158284
12.265213,3.5575907
11.193199,1.8379502
25.177929,1.759172
27.531496,1.4561951
7.9875784,1.4644217
9.643099,1.1248639
54.950375,2.5893557
24.745256,1.2289238
33.438774,1.8869622
31.715685,1.1812046
10.02009,2.1609073
17.87129,1.3509808
22.801044,1.7304375
46.14407,1.1253176
22.248884,1.4774668
38.64669,1.6823702
8.028275,1.3174734
24.276712,1.0404706
30.004038,1.5532088
17.038021,1.6674149
4.4801493,1.862443
20.879097,1.6093152
17.809555,1.0771105
14.374857,1.8063893
21.81521,1.4600992
5.774844,1.4536002
13.546286,1.9237471
32.082787,1.4836829
27.762735,1.6655142
11.306997,1.4175539
9.130117,1.2725456
34.473106,1.242336
46.379353,2.8204465
35.17257,1.8429501
14.931833,1.3545339
41.91156,1.2521052
5.526488,2.614981
34.291454,1.5503769
7.3230934,1.4549234
25.279676,0.92543584
23.339056,1.9052918
31.941835,2.1387298
15.890434,1.1851375
13.398247,1.4871416
32.938667,1.9022999
36.40678,2.627033
15.910767,1.1891675
29.016909,0.9342819
26.606474,0.98670083
14.039665,1.472153
19.45561,1.4718206
17.779179,1.7995982
10.191886,2.478226
30.420767,0.9813002
26.454666,2.108328
6.4447517,1.4399474
16.08701,1.6115432
38.84501,1.7920282
31.56029,1.1948256
8.840639,1.637517
36.00472,1.8199677
8.887569,1.7518864
37.02424,2.2724795
27.388247,1.560498
32.958492,1.7275293
12.645132,1.4104636
40.56008,2.3354602
4.5079303,2.088739
4.29967,1.7942331
41.47431,1.5065262
21.49329,1.8097584
21.317932,1.4476566
9.692123,1.8590801
19.519403,1.4607115
14.583954,1.2916417
11.4308815,1.3131909
36.649303,1.7675686
32.258907,1.9655209
16.383808,1.5392473
4.7743816,2.0387864
12.863726,2.123619
23.268888,1.8700733
4.2969236,1.8122845
12.413392,2.2238617
14.839891,1.3491502
28.752577,1.2361679
13.450572,1.3105166
10.858777,1.2508054
44.79824,2.2520204
11.0444145,1.4705784
19.423574,1.3648851
23.521004,2.0685778
21.315931,1.7600956
27.642866,2.1230474
10.456422,1.3097918
45.013905,1.4122856
44.653824,2.1500518
26.255184,2.6686113
18.79707,1.4858112
26.949009,1.6826258
16.600128,1.193478
5.508875,1.266921
15.478489,1.8590999
5.0444574,1.5927076
9.721899,1.6089339
15.716402,1.6878021
13.472397,1.5749366
35.49998,1.1997466
17.643875,1.3602846
26.256668,1.3424718
14.236355,1.761579
22.504381,2.098573
32.231773,2.3088238
33.930637,2.0041795
26.105593,1.5268285
12.8421135,1.418726
19.582376,1.8559744
13.340279,1.7445204
40.317574,1.1968949
21.384481,1.5191689
5.783951,2.1690748
22.607946,1.5558155
13.790173,1.6446493
26.191277,2.0994585
37.733513,2.3095968
19.063417,2.8620574
37.80442,2.209158
14.674793,1.5116849
24.613127,1.5588753
13.579296,1.265043
17.896555,1.3708928
17.00147,1.435179
13.660038,2.3423934
15.779921,1.3848984
29.089777,1.4781115
32.912117,1.1043715
31.881798,2.166466
28.000664,1.2136447
31.846716,2.666953
11.641564,1.8584726
17.757248,2.1750388
6.9060283,1.502464
13.856764,1.4574232
5.6420927,1.6635151
21.964266,1.7138762
18.312077,1.1454685
14.810405,1.2307167
16.722256,1.1870159
32.74786,1.6856799
27.09487,1.4906857
16.506155,1.4109857
38.7652,1.3208213
16.434025,1.9749684
26.582945,1.0116708
19.224289,1.9209948
12.581948,1.5985956
7.8788185,4.3829412
30.6252,1.8933713
13.346178,1.4620302
5.4250355,1.3748918
20.59127,1.9364243
33.11165,2.1293483
23.191038,1.4564221
6.3114033,2.2837813
10.6726265,1.318135
20.679441,1.7104757
33.343803,1.5237052
14.248333,1.7080925
15.847014,1.2603991
14.69599,1.3961003
18.241049,1.4643333
18.500723,1.4435937
21.69208,2.138445
44.044876,1.4961612
21.267502,0.9796062
11.331104,1.4991231
43.24553,1.8639784
4.5289993,1.5424213
23.813011,1.4933021
13.993624,2.1748636
22.526022,1.5026021
16.132082,1.8126423
13.137769,1.6682959
11.070255,1.7727115
35.103523,2.0542102
11.913644,2.0103836
14.975974,1.5595136
21.851305,1.1686091
14.112644,1.3153915
13.092791,1.3202059
13.379259,1.1208019
28.151533,2.181972
19.59088,1.4605947
14.463584,1.325139
20.1845,1.6191511
17.358673,1.6137793
37.816658,1.5338469
8.098753,1.4528749
7.45675,1.3760443
15.110159,1.3170519
8.544045,1.3791132
4.7881093,1.590786
11.801772,1.5933752
16.022182,1.7095265
17.081003,1.4800601
9.465168,1.3665018
18.109074,1.326478
22.318293,1.4449029
25.65373,1.910811
21.37536,1.2590837
7.2615457,1.4819133
30.55668,1.6070542
18.87073,2.1207683
13.230259,1.3879364
19.50115,1.6858976
44.455017,1.2034948
4.659374,2.055704
37.037918,1.9548712
7.065687,1.827337
18.907722,1.3375862
8.267983,1.9005859
43.1509,1.8703935
32.805676,1.2847526
9.525725,1.4063714
21.182566,2.268533
12.830378,1.4702127
6.0672684,1.353054
10.226379,1.4006202
16.567461,1.9186807
26.269186,1.0446689
6.725974,3.470062
41.190994,2.12476
34.59825,1.8574288
27.51352,1.4867554
65.059006,2.327677
38.187912,1.226383
32.50313,1.6931882
22.658815,2.8749535
38.612564,1.3783851
6.200251,1.3318486
10.367805,2.2861128
45.965584,1.9438188
30.215372,1.6894238
24.474596,1.8587294
11.196835,1.4274697
11.015949,1.2207025
24.410826,1.9203684
34.204514,2.060813
7.4018264,1.4891195
18.410273,1.5281656
19.382416,1.451159
40.44874,2.0944602
28.240952,1.7681234
6.894517,3.9694562
19.500021,1.5584793
25.457476,1.9295411
52.463264,2.9467535
19.753107,1.3220329
21.52828,1.12394
42.413193,2.290962
17.064646,1.3162391
23.03369,1.369461
13.666069,1.256768
9.666838,1.7232893
24.575518,2.8824127
20.983004,1.409859
17.236725,1.3083358
52.16147,2.0406063
7.899932,1.0606279
29.99049,1.6094539
19.935923,2.083585
18.679344,1.2302301
18.618385,1.5045578
15.724321,1.3194177
26.624388,1.9736743
8.0399475,1.871949
17.71971,1.3638268
19.310366,1.6430495
24.613626,1.328805
24.552288,1.6972678
35.301094,1.4708645
27.459303,2.131056
23.728195,1.8677573
8.678746,1.5017505
12.654612,1.6711113
10.048295,1.6398897
39.81591,1.9376178
16.037802,1.6418774
40.627968,1.6660042
14.000658,1.6541874
23.519398,1.5694828
5.607814,1.4340892
15.547932,1.3644643
41.342655,2.9093704
30.471258,1.4225383
23.22085,1.836101
22.808535,1.3534687
25.271646,1.4329853
34.721504,1.2140098
31.566713,1.8567944
19.931875,1.1556118
23.985975,2.3164072
28.838812,1.2108369
16.230417,1.3718679
62.022003,2.2388966
30.172195,1.8583124
25.88146,1.2868507
10.5149555,2.0616317
21.809484,1.3369138
22.543295,1.2878482
25.384779,1.5982509
5.721177,1.2578126
10.2326145,2.5395138
17.283766,1.6502051
38.381786,1.442019
20.412212,1.4337118
8.898281,1.1094882
6.3605676,1.4916716
22.318403,1.3929663
16.311285,1.7221482
15.013241,1.490216
11.160252,1.522057
7.7438364,5.3511896
6.4860473,1.3065238
40.565536,1.1635354
11.6925745,1.3653142
30.522238,2.414766
39.530067,1.0830109
14.414108,1.5098062
10.162188,1.4783776
4.3892274,1.9945662
8.225026,1.4035673
18.248407,1.4857321
13.7036915,1.3646305
23.586878,1.6621895
26.93663,1.4423311
27.984869,1.5594621
33.571026,1.3580592
39.369877,2.8633504
13.602314,1.1696033
9.549785,1.423605
11.104475,1.3640015
20.1356,1.3586342
5.9258494,1.4145017
13.93313,1.3630557
10.704392,1.3146696
19.064085,2.3568256
42.059387,1.6747267
15.689263,1.6761909
35.44733,1.840395
8.052787,1.4112885
50.771126,2.2986112
17.759365,1.6478832
8.837607,1.310735
24.739677,2.0570729
17.240446,1.972904
30.73494,1.249546
23.225069,1.1924448
16.222658,2.0222855
10.086052,1.7850509
10.511272,1.4532328
27.454996,1.3975117
24.37887,1.320478
17.864819,1.1706975
16.57754,4.0651484
27.238676,2.36252
27.872093,1.3157127
8.0753,2.1312406
21.667097,1.4878325
21.199831,1.7756975
19.412556,1.8291435
12.30729,2.005294
10.509975,4.4959025
17.358488,1.2223047
4.1390886,1.7766337
5.610903,1.3963196
20.843885,1.5208035
15.49338,1.5509646
10.549973,1.1730514
37.142376,2.305143
23.159945,1.5456872
46.58068,1.6588249
16.589703,1.5868154
13.573609,1.3433964
28.254793,1.1667168
17.556555,2.603531
9.800613,1.0812727
20.559538,1.3212273
34.13586,2.1676667
21.71523,1.5352249
13.149673,2.201162
22.419325,1.7220821
11.415482,3.055174
14.785137,1.397516
13.905144,1.4895105
10.361143,1.2499814
28.104029,1.3812501
24.936012,1.3767605
7.533613,1.3679094
23.025782,1.2272129
26.396723,1.5337491
46.522453,1.9464717
20.392244,1.5197742
34.118027,1.2190552
20.320272,1.4518292
22.497835,2.0181994
15.231419,1.5267897
26.708555,1.5398049
40.13486,1.1772554
10.57035,1.4322169
18.453232,1.769969
28.89319,1.4053223
32.122845,1.5617661
30.81592,2.933984
17.759241,1.3342063
24.183155,1.4649432
19.665194,1.4337139
20.668968,1.7020922
58.510803,1.5045731
18.668074,1.4083667
25.545828,1.652071
14.819035,1.315512
28.974344,2.0060298
20.943872,1.3373778
5.7084723,1.4604039
19.222776,1.3691525